Keywords,Sentence
"August 4, 1961","Obama was born on August 4, 1961, at Kapiolani Medical Center for Women and Children in Honolulu, Hawaii."
born,"Obama was born on August 4, 1961, at Kapiolani Medical Center for Women and Children in Honolulu, Hawaii."
Kapiolani Medical Center for Women and Children,"Obama was born on August 4, 1961, at Kapiolani Medical Center for Women and Children in Honolulu, Hawaii."
Honolulu,"Obama was born on August 4, 1961, at Kapiolani Medical Center for Women and Children in Honolulu, Hawaii."
Hawaii,"Obama was born on August 4, 1961, at Kapiolani Medical Center for Women and Children in Honolulu, Hawaii."
president,He is the only president born outside the contiguous 48 states.
born,He is the only president born outside the contiguous 48 states.
48,He is the only president born outside the contiguous 48 states.
states,He is the only president born outside the contiguous 48 states.
born,He was born to an American mother and a Kenyan father.
father,He was born to an American mother and a Kenyan father.
mother,He was born to an American mother and a Kenyan father.
American,He was born to an American mother and a Kenyan father.
Kenyan,He was born to an American mother and a Kenyan father.
born,"His mother, Ann Dunham (1942–1995), was born in Wichita, Kansas; she was mostly of English descent."
1942–1995,"His mother, Ann Dunham (1942–1995), was born in Wichita, Kansas; she was mostly of English descent."
mother,"His mother, Ann Dunham (1942–1995), was born in Wichita, Kansas; she was mostly of English descent."
English,"His mother, Ann Dunham (1942–1995), was born in Wichita, Kansas; she was mostly of English descent."
Wichita,"His mother, Ann Dunham (1942–1995), was born in Wichita, Kansas; she was mostly of English descent."
Kansas,"His mother, Ann Dunham (1942–1995), was born in Wichita, Kansas; she was mostly of English descent."
Ann Dunham,"His mother, Ann Dunham (1942–1995), was born in Wichita, Kansas; she was mostly of English descent."
descent,"His mother, Ann Dunham (1942–1995), was born in Wichita, Kansas; she was mostly of English descent."
descended,"In July 2012, Ancestry.com found a strong likelihood that Dunham was descended from John Punch, an enslaved African man who lived in the Colony of Virginia during the seventeenth century."
John Punch,"In July 2012, Ancestry.com found a strong likelihood that Dunham was descended from John Punch, an enslaved African man who lived in the Colony of Virginia during the seventeenth century."
the seventeenth century,"In July 2012, Ancestry.com found a strong likelihood that Dunham was descended from John Punch, an enslaved African man who lived in the Colony of Virginia during the seventeenth century."
likelihood,"In July 2012, Ancestry.com found a strong likelihood that Dunham was descended from John Punch, an enslaved African man who lived in the Colony of Virginia during the seventeenth century."
July 2012,"In July 2012, Ancestry.com found a strong likelihood that Dunham was descended from John Punch, an enslaved African man who lived in the Colony of Virginia during the seventeenth century."
African,"In July 2012, Ancestry.com found a strong likelihood that Dunham was descended from John Punch, an enslaved African man who lived in the Colony of Virginia during the seventeenth century."
man,"In July 2012, Ancestry.com found a strong likelihood that Dunham was descended from John Punch, an enslaved African man who lived in the Colony of Virginia during the seventeenth century."
Dunham,"In July 2012, Ancestry.com found a strong likelihood that Dunham was descended from John Punch, an enslaved African man who lived in the Colony of Virginia during the seventeenth century."
Virginia,"In July 2012, Ancestry.com found a strong likelihood that Dunham was descended from John Punch, an enslaved African man who lived in the Colony of Virginia during the seventeenth century."
lived,"In July 2012, Ancestry.com found a strong likelihood that Dunham was descended from John Punch, an enslaved African man who lived in the Colony of Virginia during the seventeenth century."
century,"In July 2012, Ancestry.com found a strong likelihood that Dunham was descended from John Punch, an enslaved African man who lived in the Colony of Virginia during the seventeenth century."
Ancestry.com,"In July 2012, Ancestry.com found a strong likelihood that Dunham was descended from John Punch, an enslaved African man who lived in the Colony of Virginia during the seventeenth century."
found,"In July 2012, Ancestry.com found a strong likelihood that Dunham was descended from John Punch, an enslaved African man who lived in the Colony of Virginia during the seventeenth century."
Barack Obama Sr.,"Obama's father, Barack Obama Sr. (1934–1982), was a married Luo Kenyan from Nyang'oma Kogelo."
Luo Kenyan,"Obama's father, Barack Obama Sr. (1934–1982), was a married Luo Kenyan from Nyang'oma Kogelo."
Kogelo,"Obama's father, Barack Obama Sr. (1934–1982), was a married Luo Kenyan from Nyang'oma Kogelo."
father,"Obama's father, Barack Obama Sr. (1934–1982), was a married Luo Kenyan from Nyang'oma Kogelo."
1934–1982,"Obama's father, Barack Obama Sr. (1934–1982), was a married Luo Kenyan from Nyang'oma Kogelo."
the University of Hawaii,"Obama's parents met in 1960 in a Russian language class at the University of Hawaii at Manoa, where his father was a foreign student on a scholarship."
parents,"Obama's parents met in 1960 in a Russian language class at the University of Hawaii at Manoa, where his father was a foreign student on a scholarship."
scholarship,"Obama's parents met in 1960 in a Russian language class at the University of Hawaii at Manoa, where his father was a foreign student on a scholarship."
Manoa,"Obama's parents met in 1960 in a Russian language class at the University of Hawaii at Manoa, where his father was a foreign student on a scholarship."
Russian,"Obama's parents met in 1960 in a Russian language class at the University of Hawaii at Manoa, where his father was a foreign student on a scholarship."
language,"Obama's parents met in 1960 in a Russian language class at the University of Hawaii at Manoa, where his father was a foreign student on a scholarship."
met,"Obama's parents met in 1960 in a Russian language class at the University of Hawaii at Manoa, where his father was a foreign student on a scholarship."
student,"Obama's parents met in 1960 in a Russian language class at the University of Hawaii at Manoa, where his father was a foreign student on a scholarship."
father,"Obama's parents met in 1960 in a Russian language class at the University of Hawaii at Manoa, where his father was a foreign student on a scholarship."
1960,"Obama's parents met in 1960 in a Russian language class at the University of Hawaii at Manoa, where his father was a foreign student on a scholarship."
class,"Obama's parents met in 1960 in a Russian language class at the University of Hawaii at Manoa, where his father was a foreign student on a scholarship."
born,"The couple married in Wailuku, Hawaii, on February 2, 1961, six months before Obama was born."
months,"The couple married in Wailuku, Hawaii, on February 2, 1961, six months before Obama was born."
couple,"The couple married in Wailuku, Hawaii, on February 2, 1961, six months before Obama was born."
Hawaii,"The couple married in Wailuku, Hawaii, on February 2, 1961, six months before Obama was born."
married,"The couple married in Wailuku, Hawaii, on February 2, 1961, six months before Obama was born."
Wailuku,"The couple married in Wailuku, Hawaii, on February 2, 1961, six months before Obama was born."
"February 2, 1961","The couple married in Wailuku, Hawaii, on February 2, 1961, six months before Obama was born."
six months,"The couple married in Wailuku, Hawaii, on February 2, 1961, six months before Obama was born."
born,"In late August 1961, a few weeks after he was born, Barack and his mother moved to the University of Washington in Seattle, where they lived for a year."
a year,"In late August 1961, a few weeks after he was born, Barack and his mother moved to the University of Washington in Seattle, where they lived for a year."
mother,"In late August 1961, a few weeks after he was born, Barack and his mother moved to the University of Washington in Seattle, where they lived for a year."
year,"In late August 1961, a few weeks after he was born, Barack and his mother moved to the University of Washington in Seattle, where they lived for a year."
Seattle,"In late August 1961, a few weeks after he was born, Barack and his mother moved to the University of Washington in Seattle, where they lived for a year."
the University of Washington,"In late August 1961, a few weeks after he was born, Barack and his mother moved to the University of Washington in Seattle, where they lived for a year."
moved,"In late August 1961, a few weeks after he was born, Barack and his mother moved to the University of Washington in Seattle, where they lived for a year."
lived,"In late August 1961, a few weeks after he was born, Barack and his mother moved to the University of Washington in Seattle, where they lived for a year."
a few weeks,"In late August 1961, a few weeks after he was born, Barack and his mother moved to the University of Washington in Seattle, where they lived for a year."
late August 1961,"In late August 1961, a few weeks after he was born, Barack and his mother moved to the University of Washington in Seattle, where they lived for a year."
weeks,"In late August 1961, a few weeks after he was born, Barack and his mother moved to the University of Washington in Seattle, where they lived for a year."
undergraduate,"During that time, Barack's father completed his undergraduate degree in economics in Hawaii, graduating in June 1962."
graduating,"During that time, Barack's father completed his undergraduate degree in economics in Hawaii, graduating in June 1962."
Hawaii,"During that time, Barack's father completed his undergraduate degree in economics in Hawaii, graduating in June 1962."
degree,"During that time, Barack's father completed his undergraduate degree in economics in Hawaii, graduating in June 1962."
economics,"During that time, Barack's father completed his undergraduate degree in economics in Hawaii, graduating in June 1962."
completed,"During that time, Barack's father completed his undergraduate degree in economics in Hawaii, graduating in June 1962."
father,"During that time, Barack's father completed his undergraduate degree in economics in Hawaii, graduating in June 1962."
time,"During that time, Barack's father completed his undergraduate degree in economics in Hawaii, graduating in June 1962."
June 1962,"During that time, Barack's father completed his undergraduate degree in economics in Hawaii, graduating in June 1962."
left,"He left to attend graduate school on a scholarship at Harvard University, where he earned an M.A. in economics."
M.A.,"He left to attend graduate school on a scholarship at Harvard University, where he earned an M.A. in economics."
scholarship,"He left to attend graduate school on a scholarship at Harvard University, where he earned an M.A. in economics."
school,"He left to attend graduate school on a scholarship at Harvard University, where he earned an M.A. in economics."
Harvard University,"He left to attend graduate school on a scholarship at Harvard University, where he earned an M.A. in economics."
economics,"He left to attend graduate school on a scholarship at Harvard University, where he earned an M.A. in economics."
graduate,"He left to attend graduate school on a scholarship at Harvard University, where he earned an M.A. in economics."
attend,"He left to attend graduate school on a scholarship at Harvard University, where he earned an M.A. in economics."
earned,"He left to attend graduate school on a scholarship at Harvard University, where he earned an M.A. in economics."
March 1964,Obama's parents divorced in March 1964.
parents,Obama's parents divorced in March 1964.
divorced,Obama's parents divorced in March 1964.
the Ministry of Finance,"Obama Sr. returned to Kenya in 1964, where he married for a third time and worked for the Kenyan government as the Senior Economic Analyst in the Ministry of Finance."
third,"Obama Sr. returned to Kenya in 1964, where he married for a third time and worked for the Kenyan government as the Senior Economic Analyst in the Ministry of Finance."
Obama Sr.,"Obama Sr. returned to Kenya in 1964, where he married for a third time and worked for the Kenyan government as the Senior Economic Analyst in the Ministry of Finance."
returned,"Obama Sr. returned to Kenya in 1964, where he married for a third time and worked for the Kenyan government as the Senior Economic Analyst in the Ministry of Finance."
married,"Obama Sr. returned to Kenya in 1964, where he married for a third time and worked for the Kenyan government as the Senior Economic Analyst in the Ministry of Finance."
government,"Obama Sr. returned to Kenya in 1964, where he married for a third time and worked for the Kenyan government as the Senior Economic Analyst in the Ministry of Finance."
1964,"Obama Sr. returned to Kenya in 1964, where he married for a third time and worked for the Kenyan government as the Senior Economic Analyst in the Ministry of Finance."
Kenya,"Obama Sr. returned to Kenya in 1964, where he married for a third time and worked for the Kenyan government as the Senior Economic Analyst in the Ministry of Finance."
worked,"Obama Sr. returned to Kenya in 1964, where he married for a third time and worked for the Kenyan government as the Senior Economic Analyst in the Ministry of Finance."
Kenyan,"Obama Sr. returned to Kenya in 1964, where he married for a third time and worked for the Kenyan government as the Senior Economic Analyst in the Ministry of Finance."
time,"Obama Sr. returned to Kenya in 1964, where he married for a third time and worked for the Kenyan government as the Senior Economic Analyst in the Ministry of Finance."
the Senior Economic Analyst,"Obama Sr. returned to Kenya in 1964, where he married for a third time and worked for the Kenyan government as the Senior Economic Analyst in the Ministry of Finance."
1982,"He visited his son in Hawaii only once, at Christmas 1971, before he was killed in an automobile accident in 1982, when Obama was 21 years old."
automobile,"He visited his son in Hawaii only once, at Christmas 1971, before he was killed in an automobile accident in 1982, when Obama was 21 years old."
accident,"He visited his son in Hawaii only once, at Christmas 1971, before he was killed in an automobile accident in 1982, when Obama was 21 years old."
visited,"He visited his son in Hawaii only once, at Christmas 1971, before he was killed in an automobile accident in 1982, when Obama was 21 years old."
21 years old,"He visited his son in Hawaii only once, at Christmas 1971, before he was killed in an automobile accident in 1982, when Obama was 21 years old."
son,"He visited his son in Hawaii only once, at Christmas 1971, before he was killed in an automobile accident in 1982, when Obama was 21 years old."
Hawaii,"He visited his son in Hawaii only once, at Christmas 1971, before he was killed in an automobile accident in 1982, when Obama was 21 years old."
killed,"He visited his son in Hawaii only once, at Christmas 1971, before he was killed in an automobile accident in 1982, when Obama was 21 years old."
years,"He visited his son in Hawaii only once, at Christmas 1971, before he was killed in an automobile accident in 1982, when Obama was 21 years old."
Christmas 1971,"He visited his son in Hawaii only once, at Christmas 1971, before he was killed in an automobile accident in 1982, when Obama was 21 years old."
mind,"Recalling his early childhood, Obama said: ""That my father looked nothing like the people around me—that he was black as pitch, my mother white as milk—barely registered in my mind."""
mother,"Recalling his early childhood, Obama said: ""That my father looked nothing like the people around me—that he was black as pitch, my mother white as milk—barely registered in my mind."""
milk,"Recalling his early childhood, Obama said: ""That my father looked nothing like the people around me—that he was black as pitch, my mother white as milk—barely registered in my mind."""
said,"Recalling his early childhood, Obama said: ""That my father looked nothing like the people around me—that he was black as pitch, my mother white as milk—barely registered in my mind."""
childhood,"Recalling his early childhood, Obama said: ""That my father looked nothing like the people around me—that he was black as pitch, my mother white as milk—barely registered in my mind."""
Recalling,"Recalling his early childhood, Obama said: ""That my father looked nothing like the people around me—that he was black as pitch, my mother white as milk—barely registered in my mind."""
father,"Recalling his early childhood, Obama said: ""That my father looked nothing like the people around me—that he was black as pitch, my mother white as milk—barely registered in my mind."""
people,"Recalling his early childhood, Obama said: ""That my father looked nothing like the people around me—that he was black as pitch, my mother white as milk—barely registered in my mind."""
pitch,"Recalling his early childhood, Obama said: ""That my father looked nothing like the people around me—that he was black as pitch, my mother white as milk—barely registered in my mind."""
looked,"Recalling his early childhood, Obama said: ""That my father looked nothing like the people around me—that he was black as pitch, my mother white as milk—barely registered in my mind."""
struggles,He described his struggles as a young adult to reconcile social perceptions of his multiracial heritage.
described,He described his struggles as a young adult to reconcile social perceptions of his multiracial heritage.
adult,He described his struggles as a young adult to reconcile social perceptions of his multiracial heritage.
perceptions,He described his struggles as a young adult to reconcile social perceptions of his multiracial heritage.
reconcile,He described his struggles as a young adult to reconcile social perceptions of his multiracial heritage.
heritage,He described his struggles as a young adult to reconcile social perceptions of his multiracial heritage.
the University of Hawaii,"In 1963, Dunham met Lolo Soetoro at the University of Hawaii; he was an Indonesian East–West Center graduate student in geography."
Indonesian,"In 1963, Dunham met Lolo Soetoro at the University of Hawaii; he was an Indonesian East–West Center graduate student in geography."
Dunham,"In 1963, Dunham met Lolo Soetoro at the University of Hawaii; he was an Indonesian East–West Center graduate student in geography."
Lolo Soetoro,"In 1963, Dunham met Lolo Soetoro at the University of Hawaii; he was an Indonesian East–West Center graduate student in geography."
met,"In 1963, Dunham met Lolo Soetoro at the University of Hawaii; he was an Indonesian East–West Center graduate student in geography."
student,"In 1963, Dunham met Lolo Soetoro at the University of Hawaii; he was an Indonesian East–West Center graduate student in geography."
graduate,"In 1963, Dunham met Lolo Soetoro at the University of Hawaii; he was an Indonesian East–West Center graduate student in geography."
geography,"In 1963, Dunham met Lolo Soetoro at the University of Hawaii; he was an Indonesian East–West Center graduate student in geography."
1963,"In 1963, Dunham met Lolo Soetoro at the University of Hawaii; he was an Indonesian East–West Center graduate student in geography."
couple,"The couple married on Molokai on March 15, 1965."
"March 15, 1965","The couple married on Molokai on March 15, 1965."
married,"The couple married on Molokai on March 15, 1965."
Molokai,"The couple married on Molokai on March 15, 1965."
two,"After two one-year extensions of his J-1 visa, Lolo returned to Indonesia in 1966."
returned,"After two one-year extensions of his J-1 visa, Lolo returned to Indonesia in 1966."
visa,"After two one-year extensions of his J-1 visa, Lolo returned to Indonesia in 1966."
1966,"After two one-year extensions of his J-1 visa, Lolo returned to Indonesia in 1966."
J-1,"After two one-year extensions of his J-1 visa, Lolo returned to Indonesia in 1966."
year,"After two one-year extensions of his J-1 visa, Lolo returned to Indonesia in 1966."
one-year,"After two one-year extensions of his J-1 visa, Lolo returned to Indonesia in 1966."
extensions,"After two one-year extensions of his J-1 visa, Lolo returned to Indonesia in 1966."
Lolo,"After two one-year extensions of his J-1 visa, Lolo returned to Indonesia in 1966."
Indonesia,"After two one-year extensions of his J-1 visa, Lolo returned to Indonesia in 1966."
followed,His wife and stepson followed sixteen months later in 1967.
months,His wife and stepson followed sixteen months later in 1967.
stepson,His wife and stepson followed sixteen months later in 1967.
sixteen months later in 1967,His wife and stepson followed sixteen months later in 1967.
wife,His wife and stepson followed sixteen months later in 1967.
neighborhood,The family initially lived in the Menteng Dalam neighborhood in the Tebet district of South Jakarta.
Tebet,The family initially lived in the Menteng Dalam neighborhood in the Tebet district of South Jakarta.
family,The family initially lived in the Menteng Dalam neighborhood in the Tebet district of South Jakarta.
district,The family initially lived in the Menteng Dalam neighborhood in the Tebet district of South Jakarta.
Menteng Dalam,The family initially lived in the Menteng Dalam neighborhood in the Tebet district of South Jakarta.
lived,The family initially lived in the Menteng Dalam neighborhood in the Tebet district of South Jakarta.
South Jakarta,The family initially lived in the Menteng Dalam neighborhood in the Tebet district of South Jakarta.
neighborhood,"From 1970, they lived in a wealthier neighborhood in the Menteng district of Central Jakarta."
Central Jakarta,"From 1970, they lived in a wealthier neighborhood in the Menteng district of Central Jakarta."
1970,"From 1970, they lived in a wealthier neighborhood in the Menteng district of Central Jakarta."
Menteng,"From 1970, they lived in a wealthier neighborhood in the Menteng district of Central Jakarta."
district,"From 1970, they lived in a wealthier neighborhood in the Menteng district of Central Jakarta."
lived,"From 1970, they lived in a wealthier neighborhood in the Menteng district of Central Jakarta."
join,"At the age of six, Obama and his mother had moved to Indonesia to join his stepfather."
mother,"At the age of six, Obama and his mother had moved to Indonesia to join his stepfather."
age,"At the age of six, Obama and his mother had moved to Indonesia to join his stepfather."
moved,"At the age of six, Obama and his mother had moved to Indonesia to join his stepfather."
Indonesia,"At the age of six, Obama and his mother had moved to Indonesia to join his stepfather."
the age of six,"At the age of six, Obama and his mother had moved to Indonesia to join his stepfather."
stepfather,"At the age of six, Obama and his mother had moved to Indonesia to join his stepfather."
Negeri Menteng,"From age six to ten, he attended local Indonesian-language schools: Sekolah Dasar Katolik Santo Fransiskus Asisi (St. Francis of Assisi Catholic Elementary School) for two years and Sekolah Dasar Negeri Menteng 01 (State Elementary School Menteng 01) for one and a half years, supplemented by English-language Calvert School homeschooling by his mother."
one and a half years,"From age six to ten, he attended local Indonesian-language schools: Sekolah Dasar Katolik Santo Fransiskus Asisi (St. Francis of Assisi Catholic Elementary School) for two years and Sekolah Dasar Negeri Menteng 01 (State Elementary School Menteng 01) for one and a half years, supplemented by English-language Calvert School homeschooling by his mother."
age six to ten,"From age six to ten, he attended local Indonesian-language schools: Sekolah Dasar Katolik Santo Fransiskus Asisi (St. Francis of Assisi Catholic Elementary School) for two years and Sekolah Dasar Negeri Menteng 01 (State Elementary School Menteng 01) for one and a half years, supplemented by English-language Calvert School homeschooling by his mother."
mother,"From age six to ten, he attended local Indonesian-language schools: Sekolah Dasar Katolik Santo Fransiskus Asisi (St. Francis of Assisi Catholic Elementary School) for two years and Sekolah Dasar Negeri Menteng 01 (State Elementary School Menteng 01) for one and a half years, supplemented by English-language Calvert School homeschooling by his mother."
homeschooling,"From age six to ten, he attended local Indonesian-language schools: Sekolah Dasar Katolik Santo Fransiskus Asisi (St. Francis of Assisi Catholic Elementary School) for two years and Sekolah Dasar Negeri Menteng 01 (State Elementary School Menteng 01) for one and a half years, supplemented by English-language Calvert School homeschooling by his mother."
attended,"From age six to ten, he attended local Indonesian-language schools: Sekolah Dasar Katolik Santo Fransiskus Asisi (St. Francis of Assisi Catholic Elementary School) for two years and Sekolah Dasar Negeri Menteng 01 (State Elementary School Menteng 01) for one and a half years, supplemented by English-language Calvert School homeschooling by his mother."
age,"From age six to ten, he attended local Indonesian-language schools: Sekolah Dasar Katolik Santo Fransiskus Asisi (St. Francis of Assisi Catholic Elementary School) for two years and Sekolah Dasar Negeri Menteng 01 (State Elementary School Menteng 01) for one and a half years, supplemented by English-language Calvert School homeschooling by his mother."
half,"From age six to ten, he attended local Indonesian-language schools: Sekolah Dasar Katolik Santo Fransiskus Asisi (St. Francis of Assisi Catholic Elementary School) for two years and Sekolah Dasar Negeri Menteng 01 (State Elementary School Menteng 01) for one and a half years, supplemented by English-language Calvert School homeschooling by his mother."
schools,"From age six to ten, he attended local Indonesian-language schools: Sekolah Dasar Katolik Santo Fransiskus Asisi (St. Francis of Assisi Catholic Elementary School) for two years and Sekolah Dasar Negeri Menteng 01 (State Elementary School Menteng 01) for one and a half years, supplemented by English-language Calvert School homeschooling by his mother."
01,"From age six to ten, he attended local Indonesian-language schools: Sekolah Dasar Katolik Santo Fransiskus Asisi (St. Francis of Assisi Catholic Elementary School) for two years and Sekolah Dasar Negeri Menteng 01 (State Elementary School Menteng 01) for one and a half years, supplemented by English-language Calvert School homeschooling by his mother."
supplemented,"From age six to ten, he attended local Indonesian-language schools: Sekolah Dasar Katolik Santo Fransiskus Asisi (St. Francis of Assisi Catholic Elementary School) for two years and Sekolah Dasar Negeri Menteng 01 (State Elementary School Menteng 01) for one and a half years, supplemented by English-language Calvert School homeschooling by his mother."
English,"From age six to ten, he attended local Indonesian-language schools: Sekolah Dasar Katolik Santo Fransiskus Asisi (St. Francis of Assisi Catholic Elementary School) for two years and Sekolah Dasar Negeri Menteng 01 (State Elementary School Menteng 01) for one and a half years, supplemented by English-language Calvert School homeschooling by his mother."
language,"From age six to ten, he attended local Indonesian-language schools: Sekolah Dasar Katolik Santo Fransiskus Asisi (St. Francis of Assisi Catholic Elementary School) for two years and Sekolah Dasar Negeri Menteng 01 (State Elementary School Menteng 01) for one and a half years, supplemented by English-language Calvert School homeschooling by his mother."
Calvert School,"From age six to ten, he attended local Indonesian-language schools: Sekolah Dasar Katolik Santo Fransiskus Asisi (St. Francis of Assisi Catholic Elementary School) for two years and Sekolah Dasar Negeri Menteng 01 (State Elementary School Menteng 01) for one and a half years, supplemented by English-language Calvert School homeschooling by his mother."
Indonesian,"From age six to ten, he attended local Indonesian-language schools: Sekolah Dasar Katolik Santo Fransiskus Asisi (St. Francis of Assisi Catholic Elementary School) for two years and Sekolah Dasar Negeri Menteng 01 (State Elementary School Menteng 01) for one and a half years, supplemented by English-language Calvert School homeschooling by his mother."
St. Francis of Assisi Catholic Elementary School,"From age six to ten, he attended local Indonesian-language schools: Sekolah Dasar Katolik Santo Fransiskus Asisi (St. Francis of Assisi Catholic Elementary School) for two years and Sekolah Dasar Negeri Menteng 01 (State Elementary School Menteng 01) for one and a half years, supplemented by English-language Calvert School homeschooling by his mother."
two years,"From age six to ten, he attended local Indonesian-language schools: Sekolah Dasar Katolik Santo Fransiskus Asisi (St. Francis of Assisi Catholic Elementary School) for two years and Sekolah Dasar Negeri Menteng 01 (State Elementary School Menteng 01) for one and a half years, supplemented by English-language Calvert School homeschooling by his mother."
years,"From age six to ten, he attended local Indonesian-language schools: Sekolah Dasar Katolik Santo Fransiskus Asisi (St. Francis of Assisi Catholic Elementary School) for two years and Sekolah Dasar Negeri Menteng 01 (State Elementary School Menteng 01) for one and a half years, supplemented by English-language Calvert School homeschooling by his mother."
State Elementary School Menteng,"From age six to ten, he attended local Indonesian-language schools: Sekolah Dasar Katolik Santo Fransiskus Asisi (St. Francis of Assisi Catholic Elementary School) for two years and Sekolah Dasar Negeri Menteng 01 (State Elementary School Menteng 01) for one and a half years, supplemented by English-language Calvert School homeschooling by his mother."
Sekolah Dasar,"From age six to ten, he attended local Indonesian-language schools: Sekolah Dasar Katolik Santo Fransiskus Asisi (St. Francis of Assisi Catholic Elementary School) for two years and Sekolah Dasar Negeri Menteng 01 (State Elementary School Menteng 01) for one and a half years, supplemented by English-language Calvert School homeschooling by his mother."
Sekolah Dasar Katolik Santo,"From age six to ten, he attended local Indonesian-language schools: Sekolah Dasar Katolik Santo Fransiskus Asisi (St. Francis of Assisi Catholic Elementary School) for two years and Sekolah Dasar Negeri Menteng 01 (State Elementary School Menteng 01) for one and a half years, supplemented by English-language Calvert School homeschooling by his mother."
result,"As a result of his four years in Jakarta, he was able to speak Indonesian fluently as a child."
four years,"As a result of his four years in Jakarta, he was able to speak Indonesian fluently as a child."
Indonesian,"As a result of his four years in Jakarta, he was able to speak Indonesian fluently as a child."
years,"As a result of his four years in Jakarta, he was able to speak Indonesian fluently as a child."
Jakarta,"As a result of his four years in Jakarta, he was able to speak Indonesian fluently as a child."
speak,"As a result of his four years in Jakarta, he was able to speak Indonesian fluently as a child."
child,"As a result of his four years in Jakarta, he was able to speak Indonesian fluently as a child."
gave,"During his time in Indonesia, Obama's stepfather taught him to be resilient and gave him ""a pretty hardheaded assessment of how the world works."
hardheaded,"During his time in Indonesia, Obama's stepfather taught him to be resilient and gave him ""a pretty hardheaded assessment of how the world works."
world,"During his time in Indonesia, Obama's stepfather taught him to be resilient and gave him ""a pretty hardheaded assessment of how the world works."
works,"During his time in Indonesia, Obama's stepfather taught him to be resilient and gave him ""a pretty hardheaded assessment of how the world works."
assessment,"During his time in Indonesia, Obama's stepfather taught him to be resilient and gave him ""a pretty hardheaded assessment of how the world works."
Indonesia,"During his time in Indonesia, Obama's stepfather taught him to be resilient and gave him ""a pretty hardheaded assessment of how the world works."
taught,"During his time in Indonesia, Obama's stepfather taught him to be resilient and gave him ""a pretty hardheaded assessment of how the world works."
time,"During his time in Indonesia, Obama's stepfather taught him to be resilient and gave him ""a pretty hardheaded assessment of how the world works."
stepfather,"During his time in Indonesia, Obama's stepfather taught him to be resilient and gave him ""a pretty hardheaded assessment of how the world works."
1971,"""In 1971, Obama returned to Honolulu to live with his maternal grandparents, Madelyn and Stanley Dunham."
returned,"""In 1971, Obama returned to Honolulu to live with his maternal grandparents, Madelyn and Stanley Dunham."
Madelyn,"""In 1971, Obama returned to Honolulu to live with his maternal grandparents, Madelyn and Stanley Dunham."
Honolulu,"""In 1971, Obama returned to Honolulu to live with his maternal grandparents, Madelyn and Stanley Dunham."
grandparents,"""In 1971, Obama returned to Honolulu to live with his maternal grandparents, Madelyn and Stanley Dunham."
Stanley Dunham,"""In 1971, Obama returned to Honolulu to live with his maternal grandparents, Madelyn and Stanley Dunham."
live,"""In 1971, Obama returned to Honolulu to live with his maternal grandparents, Madelyn and Stanley Dunham."
aid,He attended Punahou School—a private college preparatory school—with the aid of a scholarship from fifth grade until he graduated from high school in 1979.
grade,He attended Punahou School—a private college preparatory school—with the aid of a scholarship from fifth grade until he graduated from high school in 1979.
attended,He attended Punahou School—a private college preparatory school—with the aid of a scholarship from fifth grade until he graduated from high school in 1979.
scholarship,He attended Punahou School—a private college preparatory school—with the aid of a scholarship from fifth grade until he graduated from high school in 1979.
graduated,He attended Punahou School—a private college preparatory school—with the aid of a scholarship from fifth grade until he graduated from high school in 1979.
fifth,He attended Punahou School—a private college preparatory school—with the aid of a scholarship from fifth grade until he graduated from high school in 1979.
college,He attended Punahou School—a private college preparatory school—with the aid of a scholarship from fifth grade until he graduated from high school in 1979.
school,He attended Punahou School—a private college preparatory school—with the aid of a scholarship from fifth grade until he graduated from high school in 1979.
1979,He attended Punahou School—a private college preparatory school—with the aid of a scholarship from fifth grade until he graduated from high school in 1979.
Punahou School,He attended Punahou School—a private college preparatory school—with the aid of a scholarship from fifth grade until he graduated from high school in 1979.
nickname,"In his youth, Obama went by the nickname ""Barry""."
went,"In his youth, Obama went by the nickname ""Barry""."
youth,"In his youth, Obama went by the nickname ""Barry""."
Barry,"In his youth, Obama went by the nickname ""Barry""."
the University of Hawaii,"Obama lived with his mother and half-sister, Maya Soetoro, in Hawaii for three years from 1972 to 1975 while his mother was a graduate student in anthropology at the University of Hawaii."
mother,"Obama lived with his mother and half-sister, Maya Soetoro, in Hawaii for three years from 1972 to 1975 while his mother was a graduate student in anthropology at the University of Hawaii."
1972,"Obama lived with his mother and half-sister, Maya Soetoro, in Hawaii for three years from 1972 to 1975 while his mother was a graduate student in anthropology at the University of Hawaii."
anthropology,"Obama lived with his mother and half-sister, Maya Soetoro, in Hawaii for three years from 1972 to 1975 while his mother was a graduate student in anthropology at the University of Hawaii."
Hawaii,"Obama lived with his mother and half-sister, Maya Soetoro, in Hawaii for three years from 1972 to 1975 while his mother was a graduate student in anthropology at the University of Hawaii."
years,"Obama lived with his mother and half-sister, Maya Soetoro, in Hawaii for three years from 1972 to 1975 while his mother was a graduate student in anthropology at the University of Hawaii."
three years,"Obama lived with his mother and half-sister, Maya Soetoro, in Hawaii for three years from 1972 to 1975 while his mother was a graduate student in anthropology at the University of Hawaii."
sister,"Obama lived with his mother and half-sister, Maya Soetoro, in Hawaii for three years from 1972 to 1975 while his mother was a graduate student in anthropology at the University of Hawaii."
lived,"Obama lived with his mother and half-sister, Maya Soetoro, in Hawaii for three years from 1972 to 1975 while his mother was a graduate student in anthropology at the University of Hawaii."
student,"Obama lived with his mother and half-sister, Maya Soetoro, in Hawaii for three years from 1972 to 1975 while his mother was a graduate student in anthropology at the University of Hawaii."
graduate,"Obama lived with his mother and half-sister, Maya Soetoro, in Hawaii for three years from 1972 to 1975 while his mother was a graduate student in anthropology at the University of Hawaii."
Maya Soetoro,"Obama lived with his mother and half-sister, Maya Soetoro, in Hawaii for three years from 1972 to 1975 while his mother was a graduate student in anthropology at the University of Hawaii."
half-sister,"Obama lived with his mother and half-sister, Maya Soetoro, in Hawaii for three years from 1972 to 1975 while his mother was a graduate student in anthropology at the University of Hawaii."
field,"Obama chose to stay in Hawaii when his mother and half-sister returned to Indonesia in 1975, so his mother could begin anthropology field work."
returned,"Obama chose to stay in Hawaii when his mother and half-sister returned to Indonesia in 1975, so his mother could begin anthropology field work."
mother,"Obama chose to stay in Hawaii when his mother and half-sister returned to Indonesia in 1975, so his mother could begin anthropology field work."
begin,"Obama chose to stay in Hawaii when his mother and half-sister returned to Indonesia in 1975, so his mother could begin anthropology field work."
anthropology,"Obama chose to stay in Hawaii when his mother and half-sister returned to Indonesia in 1975, so his mother could begin anthropology field work."
work,"Obama chose to stay in Hawaii when his mother and half-sister returned to Indonesia in 1975, so his mother could begin anthropology field work."
Hawaii,"Obama chose to stay in Hawaii when his mother and half-sister returned to Indonesia in 1975, so his mother could begin anthropology field work."
chose,"Obama chose to stay in Hawaii when his mother and half-sister returned to Indonesia in 1975, so his mother could begin anthropology field work."
sister,"Obama chose to stay in Hawaii when his mother and half-sister returned to Indonesia in 1975, so his mother could begin anthropology field work."
stay,"Obama chose to stay in Hawaii when his mother and half-sister returned to Indonesia in 1975, so his mother could begin anthropology field work."
Indonesia,"Obama chose to stay in Hawaii when his mother and half-sister returned to Indonesia in 1975, so his mother could begin anthropology field work."
1975,"Obama chose to stay in Hawaii when his mother and half-sister returned to Indonesia in 1975, so his mother could begin anthropology field work."
spent,"His mother spent most of the next two decades in Indonesia, divorcing Lolo in 1980 and earning a PhD degree in 1992, before dying in 1995 in Hawaii following unsuccessful treatment for ovarian and uterine cancer."
PhD,"His mother spent most of the next two decades in Indonesia, divorcing Lolo in 1980 and earning a PhD degree in 1992, before dying in 1995 in Hawaii following unsuccessful treatment for ovarian and uterine cancer."
treatment,"His mother spent most of the next two decades in Indonesia, divorcing Lolo in 1980 and earning a PhD degree in 1992, before dying in 1995 in Hawaii following unsuccessful treatment for ovarian and uterine cancer."
mother,"His mother spent most of the next two decades in Indonesia, divorcing Lolo in 1980 and earning a PhD degree in 1992, before dying in 1995 in Hawaii following unsuccessful treatment for ovarian and uterine cancer."
cancer,"His mother spent most of the next two decades in Indonesia, divorcing Lolo in 1980 and earning a PhD degree in 1992, before dying in 1995 in Hawaii following unsuccessful treatment for ovarian and uterine cancer."
1980,"His mother spent most of the next two decades in Indonesia, divorcing Lolo in 1980 and earning a PhD degree in 1992, before dying in 1995 in Hawaii following unsuccessful treatment for ovarian and uterine cancer."
1995,"His mother spent most of the next two decades in Indonesia, divorcing Lolo in 1980 and earning a PhD degree in 1992, before dying in 1995 in Hawaii following unsuccessful treatment for ovarian and uterine cancer."
Hawaii,"His mother spent most of the next two decades in Indonesia, divorcing Lolo in 1980 and earning a PhD degree in 1992, before dying in 1995 in Hawaii following unsuccessful treatment for ovarian and uterine cancer."
decades,"His mother spent most of the next two decades in Indonesia, divorcing Lolo in 1980 and earning a PhD degree in 1992, before dying in 1995 in Hawaii following unsuccessful treatment for ovarian and uterine cancer."
Lolo,"His mother spent most of the next two decades in Indonesia, divorcing Lolo in 1980 and earning a PhD degree in 1992, before dying in 1995 in Hawaii following unsuccessful treatment for ovarian and uterine cancer."
degree,"His mother spent most of the next two decades in Indonesia, divorcing Lolo in 1980 and earning a PhD degree in 1992, before dying in 1995 in Hawaii following unsuccessful treatment for ovarian and uterine cancer."
dying,"His mother spent most of the next two decades in Indonesia, divorcing Lolo in 1980 and earning a PhD degree in 1992, before dying in 1995 in Hawaii following unsuccessful treatment for ovarian and uterine cancer."
1992,"His mother spent most of the next two decades in Indonesia, divorcing Lolo in 1980 and earning a PhD degree in 1992, before dying in 1995 in Hawaii following unsuccessful treatment for ovarian and uterine cancer."
divorcing,"His mother spent most of the next two decades in Indonesia, divorcing Lolo in 1980 and earning a PhD degree in 1992, before dying in 1995 in Hawaii following unsuccessful treatment for ovarian and uterine cancer."
following,"His mother spent most of the next two decades in Indonesia, divorcing Lolo in 1980 and earning a PhD degree in 1992, before dying in 1995 in Hawaii following unsuccessful treatment for ovarian and uterine cancer."
Indonesia,"His mother spent most of the next two decades in Indonesia, divorcing Lolo in 1980 and earning a PhD degree in 1992, before dying in 1995 in Hawaii following unsuccessful treatment for ovarian and uterine cancer."
the next two decades,"His mother spent most of the next two decades in Indonesia, divorcing Lolo in 1980 and earning a PhD degree in 1992, before dying in 1995 in Hawaii following unsuccessful treatment for ovarian and uterine cancer."
earning,"His mother spent most of the next two decades in Indonesia, divorcing Lolo in 1980 and earning a PhD degree in 1992, before dying in 1995 in Hawaii following unsuccessful treatment for ovarian and uterine cancer."
cultures,"Of his years in Honolulu, Obama wrote: ""The opportunity that Hawaii offered — to experience a variety of cultures in a climate of mutual respect — became an integral part of my world view, and a basis for the values that I hold most dear."""
view,"Of his years in Honolulu, Obama wrote: ""The opportunity that Hawaii offered — to experience a variety of cultures in a climate of mutual respect — became an integral part of my world view, and a basis for the values that I hold most dear."""
world,"Of his years in Honolulu, Obama wrote: ""The opportunity that Hawaii offered — to experience a variety of cultures in a climate of mutual respect — became an integral part of my world view, and a basis for the values that I hold most dear."""
Honolulu,"Of his years in Honolulu, Obama wrote: ""The opportunity that Hawaii offered — to experience a variety of cultures in a climate of mutual respect — became an integral part of my world view, and a basis for the values that I hold most dear."""
basis,"Of his years in Honolulu, Obama wrote: ""The opportunity that Hawaii offered — to experience a variety of cultures in a climate of mutual respect — became an integral part of my world view, and a basis for the values that I hold most dear."""
wrote,"Of his years in Honolulu, Obama wrote: ""The opportunity that Hawaii offered — to experience a variety of cultures in a climate of mutual respect — became an integral part of my world view, and a basis for the values that I hold most dear."""
climate,"Of his years in Honolulu, Obama wrote: ""The opportunity that Hawaii offered — to experience a variety of cultures in a climate of mutual respect — became an integral part of my world view, and a basis for the values that I hold most dear."""
became,"Of his years in Honolulu, Obama wrote: ""The opportunity that Hawaii offered — to experience a variety of cultures in a climate of mutual respect — became an integral part of my world view, and a basis for the values that I hold most dear."""
Hawaii,"Of his years in Honolulu, Obama wrote: ""The opportunity that Hawaii offered — to experience a variety of cultures in a climate of mutual respect — became an integral part of my world view, and a basis for the values that I hold most dear."""
variety,"Of his years in Honolulu, Obama wrote: ""The opportunity that Hawaii offered — to experience a variety of cultures in a climate of mutual respect — became an integral part of my world view, and a basis for the values that I hold most dear."""
years,"Of his years in Honolulu, Obama wrote: ""The opportunity that Hawaii offered — to experience a variety of cultures in a climate of mutual respect — became an integral part of my world view, and a basis for the values that I hold most dear."""
respect,"Of his years in Honolulu, Obama wrote: ""The opportunity that Hawaii offered — to experience a variety of cultures in a climate of mutual respect — became an integral part of my world view, and a basis for the values that I hold most dear."""
offered,"Of his years in Honolulu, Obama wrote: ""The opportunity that Hawaii offered — to experience a variety of cultures in a climate of mutual respect — became an integral part of my world view, and a basis for the values that I hold most dear."""
opportunity,"Of his years in Honolulu, Obama wrote: ""The opportunity that Hawaii offered — to experience a variety of cultures in a climate of mutual respect — became an integral part of my world view, and a basis for the values that I hold most dear."""
part,"Of his years in Honolulu, Obama wrote: ""The opportunity that Hawaii offered — to experience a variety of cultures in a climate of mutual respect — became an integral part of my world view, and a basis for the values that I hold most dear."""
hold,"Of his years in Honolulu, Obama wrote: ""The opportunity that Hawaii offered — to experience a variety of cultures in a climate of mutual respect — became an integral part of my world view, and a basis for the values that I hold most dear."""
experience,"Of his years in Honolulu, Obama wrote: ""The opportunity that Hawaii offered — to experience a variety of cultures in a climate of mutual respect — became an integral part of my world view, and a basis for the values that I hold most dear."""
values,"Of his years in Honolulu, Obama wrote: ""The opportunity that Hawaii offered — to experience a variety of cultures in a climate of mutual respect — became an integral part of my world view, and a basis for the values that I hold most dear."""
mind,"Obama has also written and talked about using alcohol, marijuana, and cocaine during his teenage years to ""push questions of who I was out of my mind."""
using,"Obama has also written and talked about using alcohol, marijuana, and cocaine during his teenage years to ""push questions of who I was out of my mind."""
push,"Obama has also written and talked about using alcohol, marijuana, and cocaine during his teenage years to ""push questions of who I was out of my mind."""
cocaine,"Obama has also written and talked about using alcohol, marijuana, and cocaine during his teenage years to ""push questions of who I was out of my mind."""
years,"Obama has also written and talked about using alcohol, marijuana, and cocaine during his teenage years to ""push questions of who I was out of my mind."""
talked,"Obama has also written and talked about using alcohol, marijuana, and cocaine during his teenage years to ""push questions of who I was out of my mind."""
marijuana,"Obama has also written and talked about using alcohol, marijuana, and cocaine during his teenage years to ""push questions of who I was out of my mind."""
written,"Obama has also written and talked about using alcohol, marijuana, and cocaine during his teenage years to ""push questions of who I was out of my mind."""
questions,"Obama has also written and talked about using alcohol, marijuana, and cocaine during his teenage years to ""push questions of who I was out of my mind."""
spent,"Obama was also a member of the ""choom gang"", a self-named group of friends who spent time together and occasionally smoked marijuana."
self,"Obama was also a member of the ""choom gang"", a self-named group of friends who spent time together and occasionally smoked marijuana."
smoked,"Obama was also a member of the ""choom gang"", a self-named group of friends who spent time together and occasionally smoked marijuana."
group,"Obama was also a member of the ""choom gang"", a self-named group of friends who spent time together and occasionally smoked marijuana."
choom,"Obama was also a member of the ""choom gang"", a self-named group of friends who spent time together and occasionally smoked marijuana."
friends,"Obama was also a member of the ""choom gang"", a self-named group of friends who spent time together and occasionally smoked marijuana."
gang,"Obama was also a member of the ""choom gang"", a self-named group of friends who spent time together and occasionally smoked marijuana."
named,"Obama was also a member of the ""choom gang"", a self-named group of friends who spent time together and occasionally smoked marijuana."
marijuana,"Obama was also a member of the ""choom gang"", a self-named group of friends who spent time together and occasionally smoked marijuana."
member,"Obama was also a member of the ""choom gang"", a self-named group of friends who spent time together and occasionally smoked marijuana."
time,"Obama was also a member of the ""choom gang"", a self-named group of friends who spent time together and occasionally smoked marijuana."
graduating,"After graduating from high school in 1979, Obama moved to Los Angeles to attend Occidental College on a full scholarship."
Los Angeles,"After graduating from high school in 1979, Obama moved to Los Angeles to attend Occidental College on a full scholarship."
Occidental College,"After graduating from high school in 1979, Obama moved to Los Angeles to attend Occidental College on a full scholarship."
scholarship,"After graduating from high school in 1979, Obama moved to Los Angeles to attend Occidental College on a full scholarship."
school,"After graduating from high school in 1979, Obama moved to Los Angeles to attend Occidental College on a full scholarship."
1979,"After graduating from high school in 1979, Obama moved to Los Angeles to attend Occidental College on a full scholarship."
moved,"After graduating from high school in 1979, Obama moved to Los Angeles to attend Occidental College on a full scholarship."
attend,"After graduating from high school in 1979, Obama moved to Los Angeles to attend Occidental College on a full scholarship."
policy,"In February 1981, Obama made his first public speech, calling for Occidental to participate in the disinvestment from South Africa in response to that nation's policy of apartheid."
apartheid,"In February 1981, Obama made his first public speech, calling for Occidental to participate in the disinvestment from South Africa in response to that nation's policy of apartheid."
February 1981,"In February 1981, Obama made his first public speech, calling for Occidental to participate in the disinvestment from South Africa in response to that nation's policy of apartheid."
calling,"In February 1981, Obama made his first public speech, calling for Occidental to participate in the disinvestment from South Africa in response to that nation's policy of apartheid."
South Africa,"In February 1981, Obama made his first public speech, calling for Occidental to participate in the disinvestment from South Africa in response to that nation's policy of apartheid."
Occidental,"In February 1981, Obama made his first public speech, calling for Occidental to participate in the disinvestment from South Africa in response to that nation's policy of apartheid."
response,"In February 1981, Obama made his first public speech, calling for Occidental to participate in the disinvestment from South Africa in response to that nation's policy of apartheid."
first,"In February 1981, Obama made his first public speech, calling for Occidental to participate in the disinvestment from South Africa in response to that nation's policy of apartheid."
disinvestment,"In February 1981, Obama made his first public speech, calling for Occidental to participate in the disinvestment from South Africa in response to that nation's policy of apartheid."
speech,"In February 1981, Obama made his first public speech, calling for Occidental to participate in the disinvestment from South Africa in response to that nation's policy of apartheid."
participate,"In February 1981, Obama made his first public speech, calling for Occidental to participate in the disinvestment from South Africa in response to that nation's policy of apartheid."
made,"In February 1981, Obama made his first public speech, calling for Occidental to participate in the disinvestment from South Africa in response to that nation's policy of apartheid."
nation,"In February 1981, Obama made his first public speech, calling for Occidental to participate in the disinvestment from South Africa in response to that nation's policy of apartheid."
Pakistan,"In mid-1981, Obama traveled to Indonesia to visit his mother and half-sister Maya, and visited the families of college friends in Pakistan and India for three weeks."
three weeks,"In mid-1981, Obama traveled to Indonesia to visit his mother and half-sister Maya, and visited the families of college friends in Pakistan and India for three weeks."
visited,"In mid-1981, Obama traveled to Indonesia to visit his mother and half-sister Maya, and visited the families of college friends in Pakistan and India for three weeks."
families,"In mid-1981, Obama traveled to Indonesia to visit his mother and half-sister Maya, and visited the families of college friends in Pakistan and India for three weeks."
mother,"In mid-1981, Obama traveled to Indonesia to visit his mother and half-sister Maya, and visited the families of college friends in Pakistan and India for three weeks."
India,"In mid-1981, Obama traveled to Indonesia to visit his mother and half-sister Maya, and visited the families of college friends in Pakistan and India for three weeks."
friends,"In mid-1981, Obama traveled to Indonesia to visit his mother and half-sister Maya, and visited the families of college friends in Pakistan and India for three weeks."
traveled,"In mid-1981, Obama traveled to Indonesia to visit his mother and half-sister Maya, and visited the families of college friends in Pakistan and India for three weeks."
visit,"In mid-1981, Obama traveled to Indonesia to visit his mother and half-sister Maya, and visited the families of college friends in Pakistan and India for three weeks."
college,"In mid-1981, Obama traveled to Indonesia to visit his mother and half-sister Maya, and visited the families of college friends in Pakistan and India for three weeks."
Maya,"In mid-1981, Obama traveled to Indonesia to visit his mother and half-sister Maya, and visited the families of college friends in Pakistan and India for three weeks."
sister,"In mid-1981, Obama traveled to Indonesia to visit his mother and half-sister Maya, and visited the families of college friends in Pakistan and India for three weeks."
Indonesia,"In mid-1981, Obama traveled to Indonesia to visit his mother and half-sister Maya, and visited the families of college friends in Pakistan and India for three weeks."
mid-1981,"In mid-1981, Obama traveled to Indonesia to visit his mother and half-sister Maya, and visited the families of college friends in Pakistan and India for three weeks."
weeks,"In mid-1981, Obama traveled to Indonesia to visit his mother and half-sister Maya, and visited the families of college friends in Pakistan and India for three weeks."
New York City,"Later in 1981, he transferred to Columbia University in New York City as a junior, where he majored in political science with a specialty in international relations and in English literature and lived off-campus on West 109th Street."
junior,"Later in 1981, he transferred to Columbia University in New York City as a junior, where he majored in political science with a specialty in international relations and in English literature and lived off-campus on West 109th Street."
transferred,"Later in 1981, he transferred to Columbia University in New York City as a junior, where he majored in political science with a specialty in international relations and in English literature and lived off-campus on West 109th Street."
relations,"Later in 1981, he transferred to Columbia University in New York City as a junior, where he majored in political science with a specialty in international relations and in English literature and lived off-campus on West 109th Street."
Columbia University,"Later in 1981, he transferred to Columbia University in New York City as a junior, where he majored in political science with a specialty in international relations and in English literature and lived off-campus on West 109th Street."
literature,"Later in 1981, he transferred to Columbia University in New York City as a junior, where he majored in political science with a specialty in international relations and in English literature and lived off-campus on West 109th Street."
English,"Later in 1981, he transferred to Columbia University in New York City as a junior, where he majored in political science with a specialty in international relations and in English literature and lived off-campus on West 109th Street."
1981,"Later in 1981, he transferred to Columbia University in New York City as a junior, where he majored in political science with a specialty in international relations and in English literature and lived off-campus on West 109th Street."
campus,"Later in 1981, he transferred to Columbia University in New York City as a junior, where he majored in political science with a specialty in international relations and in English literature and lived off-campus on West 109th Street."
specialty,"Later in 1981, he transferred to Columbia University in New York City as a junior, where he majored in political science with a specialty in international relations and in English literature and lived off-campus on West 109th Street."
lived,"Later in 1981, he transferred to Columbia University in New York City as a junior, where he majored in political science with a specialty in international relations and in English literature and lived off-campus on West 109th Street."
majored,"Later in 1981, he transferred to Columbia University in New York City as a junior, where he majored in political science with a specialty in international relations and in English literature and lived off-campus on West 109th Street."
science,"Later in 1981, he transferred to Columbia University in New York City as a junior, where he majored in political science with a specialty in international relations and in English literature and lived off-campus on West 109th Street."
West 109th Street,"Later in 1981, he transferred to Columbia University in New York City as a junior, where he majored in political science with a specialty in international relations and in English literature and lived off-campus on West 109th Street."
3.7,He graduated with a Bachelor of Arts degree in 1983 and a 3.7 GPA.
1983,He graduated with a Bachelor of Arts degree in 1983 and a 3.7 GPA.
graduated,He graduated with a Bachelor of Arts degree in 1983 and a 3.7 GPA.
degree,He graduated with a Bachelor of Arts degree in 1983 and a 3.7 GPA.
GPA,He graduated with a Bachelor of Arts degree in 1983 and a 3.7 GPA.
writer,"After graduating, Obama worked for about a year at the Business International Corporation, where he was a financial researcher and writer, then as a project coordinator for the New York Public Interest Research Group on the City College of New York campus for three months in 1985.In a 2006 interview, Obama highlighted the diversity of his extended family: ""It's like a little mini-United Nations,"" he said."
the Business International Corporation,"After graduating, Obama worked for about a year at the Business International Corporation, where he was a financial researcher and writer, then as a project coordinator for the New York Public Interest Research Group on the City College of New York campus for three months in 1985.In a 2006 interview, Obama highlighted the diversity of his extended family: ""It's like a little mini-United Nations,"" he said."
months,"After graduating, Obama worked for about a year at the Business International Corporation, where he was a financial researcher and writer, then as a project coordinator for the New York Public Interest Research Group on the City College of New York campus for three months in 1985.In a 2006 interview, Obama highlighted the diversity of his extended family: ""It's like a little mini-United Nations,"" he said."
graduating,"After graduating, Obama worked for about a year at the Business International Corporation, where he was a financial researcher and writer, then as a project coordinator for the New York Public Interest Research Group on the City College of New York campus for three months in 1985.In a 2006 interview, Obama highlighted the diversity of his extended family: ""It's like a little mini-United Nations,"" he said."
family,"After graduating, Obama worked for about a year at the Business International Corporation, where he was a financial researcher and writer, then as a project coordinator for the New York Public Interest Research Group on the City College of New York campus for three months in 1985.In a 2006 interview, Obama highlighted the diversity of his extended family: ""It's like a little mini-United Nations,"" he said."
United Nations,"After graduating, Obama worked for about a year at the Business International Corporation, where he was a financial researcher and writer, then as a project coordinator for the New York Public Interest Research Group on the City College of New York campus for three months in 1985.In a 2006 interview, Obama highlighted the diversity of his extended family: ""It's like a little mini-United Nations,"" he said."
the New York Public Interest Research Group,"After graduating, Obama worked for about a year at the Business International Corporation, where he was a financial researcher and writer, then as a project coordinator for the New York Public Interest Research Group on the City College of New York campus for three months in 1985.In a 2006 interview, Obama highlighted the diversity of his extended family: ""It's like a little mini-United Nations,"" he said."
the City College of New York,"After graduating, Obama worked for about a year at the Business International Corporation, where he was a financial researcher and writer, then as a project coordinator for the New York Public Interest Research Group on the City College of New York campus for three months in 1985.In a 2006 interview, Obama highlighted the diversity of his extended family: ""It's like a little mini-United Nations,"" he said."
year,"After graduating, Obama worked for about a year at the Business International Corporation, where he was a financial researcher and writer, then as a project coordinator for the New York Public Interest Research Group on the City College of New York campus for three months in 1985.In a 2006 interview, Obama highlighted the diversity of his extended family: ""It's like a little mini-United Nations,"" he said."
campus,"After graduating, Obama worked for about a year at the Business International Corporation, where he was a financial researcher and writer, then as a project coordinator for the New York Public Interest Research Group on the City College of New York campus for three months in 1985.In a 2006 interview, Obama highlighted the diversity of his extended family: ""It's like a little mini-United Nations,"" he said."
about a year,"After graduating, Obama worked for about a year at the Business International Corporation, where he was a financial researcher and writer, then as a project coordinator for the New York Public Interest Research Group on the City College of New York campus for three months in 1985.In a 2006 interview, Obama highlighted the diversity of his extended family: ""It's like a little mini-United Nations,"" he said."
worked,"After graduating, Obama worked for about a year at the Business International Corporation, where he was a financial researcher and writer, then as a project coordinator for the New York Public Interest Research Group on the City College of New York campus for three months in 1985.In a 2006 interview, Obama highlighted the diversity of his extended family: ""It's like a little mini-United Nations,"" he said."
interview,"After graduating, Obama worked for about a year at the Business International Corporation, where he was a financial researcher and writer, then as a project coordinator for the New York Public Interest Research Group on the City College of New York campus for three months in 1985.In a 2006 interview, Obama highlighted the diversity of his extended family: ""It's like a little mini-United Nations,"" he said."
highlighted,"After graduating, Obama worked for about a year at the Business International Corporation, where he was a financial researcher and writer, then as a project coordinator for the New York Public Interest Research Group on the City College of New York campus for three months in 1985.In a 2006 interview, Obama highlighted the diversity of his extended family: ""It's like a little mini-United Nations,"" he said."
coordinator,"After graduating, Obama worked for about a year at the Business International Corporation, where he was a financial researcher and writer, then as a project coordinator for the New York Public Interest Research Group on the City College of New York campus for three months in 1985.In a 2006 interview, Obama highlighted the diversity of his extended family: ""It's like a little mini-United Nations,"" he said."
said,"After graduating, Obama worked for about a year at the Business International Corporation, where he was a financial researcher and writer, then as a project coordinator for the New York Public Interest Research Group on the City College of New York campus for three months in 1985.In a 2006 interview, Obama highlighted the diversity of his extended family: ""It's like a little mini-United Nations,"" he said."
three months,"After graduating, Obama worked for about a year at the Business International Corporation, where he was a financial researcher and writer, then as a project coordinator for the New York Public Interest Research Group on the City College of New York campus for three months in 1985.In a 2006 interview, Obama highlighted the diversity of his extended family: ""It's like a little mini-United Nations,"" he said."
researcher,"After graduating, Obama worked for about a year at the Business International Corporation, where he was a financial researcher and writer, then as a project coordinator for the New York Public Interest Research Group on the City College of New York campus for three months in 1985.In a 2006 interview, Obama highlighted the diversity of his extended family: ""It's like a little mini-United Nations,"" he said."
2006,"After graduating, Obama worked for about a year at the Business International Corporation, where he was a financial researcher and writer, then as a project coordinator for the New York Public Interest Research Group on the City College of New York campus for three months in 1985.In a 2006 interview, Obama highlighted the diversity of his extended family: ""It's like a little mini-United Nations,"" he said."
project,"After graduating, Obama worked for about a year at the Business International Corporation, where he was a financial researcher and writer, then as a project coordinator for the New York Public Interest Research Group on the City College of New York campus for three months in 1985.In a 2006 interview, Obama highlighted the diversity of his extended family: ""It's like a little mini-United Nations,"" he said."
1985.In,"After graduating, Obama worked for about a year at the Business International Corporation, where he was a financial researcher and writer, then as a project coordinator for the New York Public Interest Research Group on the City College of New York campus for three months in 1985.In a 2006 interview, Obama highlighted the diversity of his extended family: ""It's like a little mini-United Nations,"" he said."
diversity,"After graduating, Obama worked for about a year at the Business International Corporation, where he was a financial researcher and writer, then as a project coordinator for the New York Public Interest Research Group on the City College of New York campus for three months in 1985.In a 2006 interview, Obama highlighted the diversity of his extended family: ""It's like a little mini-United Nations,"" he said."
got,"""I've got relatives who look like Bernie Mac, and I've got relatives who look like Margaret Thatcher."""
relatives,"""I've got relatives who look like Bernie Mac, and I've got relatives who look like Margaret Thatcher."""
Margaret Thatcher,"""I've got relatives who look like Bernie Mac, and I've got relatives who look like Margaret Thatcher."""
Bernie Mac,"""I've got relatives who look like Bernie Mac, and I've got relatives who look like Margaret Thatcher."""
look,"""I've got relatives who look like Bernie Mac, and I've got relatives who look like Margaret Thatcher."""
has,Obama has a half-sister with whom he was raised (Maya Soetoro-Ng) and seven other half-siblings from his Kenyan father's family—six of them living.
living,Obama has a half-sister with whom he was raised (Maya Soetoro-Ng) and seven other half-siblings from his Kenyan father's family—six of them living.
raised,Obama has a half-sister with whom he was raised (Maya Soetoro-Ng) and seven other half-siblings from his Kenyan father's family—six of them living.
family,Obama has a half-sister with whom he was raised (Maya Soetoro-Ng) and seven other half-siblings from his Kenyan father's family—six of them living.
six,Obama has a half-sister with whom he was raised (Maya Soetoro-Ng) and seven other half-siblings from his Kenyan father's family—six of them living.
sister,Obama has a half-sister with whom he was raised (Maya Soetoro-Ng) and seven other half-siblings from his Kenyan father's family—six of them living.
half,Obama has a half-sister with whom he was raised (Maya Soetoro-Ng) and seven other half-siblings from his Kenyan father's family—six of them living.
father,Obama has a half-sister with whom he was raised (Maya Soetoro-Ng) and seven other half-siblings from his Kenyan father's family—six of them living.
siblings,Obama has a half-sister with whom he was raised (Maya Soetoro-Ng) and seven other half-siblings from his Kenyan father's family—six of them living.
Maya Soetoro-Ng,Obama has a half-sister with whom he was raised (Maya Soetoro-Ng) and seven other half-siblings from his Kenyan father's family—six of them living.
seven,Obama has a half-sister with whom he was raised (Maya Soetoro-Ng) and seven other half-siblings from his Kenyan father's family—six of them living.
Kenyan,Obama has a half-sister with whom he was raised (Maya Soetoro-Ng) and seven other half-siblings from his Kenyan father's family—six of them living.
two days,"Obama's mother was survived by her Kansas-born mother, Madelyn Dunham, until her death on November 2, 2008, two days before his election to the Presidency."
born,"Obama's mother was survived by her Kansas-born mother, Madelyn Dunham, until her death on November 2, 2008, two days before his election to the Presidency."
survived,"Obama's mother was survived by her Kansas-born mother, Madelyn Dunham, until her death on November 2, 2008, two days before his election to the Presidency."
mother,"Obama's mother was survived by her Kansas-born mother, Madelyn Dunham, until her death on November 2, 2008, two days before his election to the Presidency."
election,"Obama's mother was survived by her Kansas-born mother, Madelyn Dunham, until her death on November 2, 2008, two days before his election to the Presidency."
"November 2, 2008","Obama's mother was survived by her Kansas-born mother, Madelyn Dunham, until her death on November 2, 2008, two days before his election to the Presidency."
Kansas,"Obama's mother was survived by her Kansas-born mother, Madelyn Dunham, until her death on November 2, 2008, two days before his election to the Presidency."
days,"Obama's mother was survived by her Kansas-born mother, Madelyn Dunham, until her death on November 2, 2008, two days before his election to the Presidency."
death,"Obama's mother was survived by her Kansas-born mother, Madelyn Dunham, until her death on November 2, 2008, two days before his election to the Presidency."
Madelyn Dunham,"Obama's mother was survived by her Kansas-born mother, Madelyn Dunham, until her death on November 2, 2008, two days before his election to the Presidency."
has,Obama also has roots in Ireland; he met with his Irish cousins in Moneygall in May 2011.
Moneygall,Obama also has roots in Ireland; he met with his Irish cousins in Moneygall in May 2011.
May 2011,Obama also has roots in Ireland; he met with his Irish cousins in Moneygall in May 2011.
roots,Obama also has roots in Ireland; he met with his Irish cousins in Moneygall in May 2011.
cousins,Obama also has roots in Ireland; he met with his Irish cousins in Moneygall in May 2011.
Ireland,Obama also has roots in Ireland; he met with his Irish cousins in Moneygall in May 2011.
met,Obama also has roots in Ireland; he met with his Irish cousins in Moneygall in May 2011.
Irish,Obama also has roots in Ireland; he met with his Irish cousins in Moneygall in May 2011.
history,"In Dreams from My Father, Obama ties his mother's family history to possible Native American ancestors and distant relatives of Jefferson Davis, President of the Confederate States of America during the American Civil War."
Native American,"In Dreams from My Father, Obama ties his mother's family history to possible Native American ancestors and distant relatives of Jefferson Davis, President of the Confederate States of America during the American Civil War."
mother,"In Dreams from My Father, Obama ties his mother's family history to possible Native American ancestors and distant relatives of Jefferson Davis, President of the Confederate States of America during the American Civil War."
family,"In Dreams from My Father, Obama ties his mother's family history to possible Native American ancestors and distant relatives of Jefferson Davis, President of the Confederate States of America during the American Civil War."
relatives,"In Dreams from My Father, Obama ties his mother's family history to possible Native American ancestors and distant relatives of Jefferson Davis, President of the Confederate States of America during the American Civil War."
Jefferson Davis,"In Dreams from My Father, Obama ties his mother's family history to possible Native American ancestors and distant relatives of Jefferson Davis, President of the Confederate States of America during the American Civil War."
ties,"In Dreams from My Father, Obama ties his mother's family history to possible Native American ancestors and distant relatives of Jefferson Davis, President of the Confederate States of America during the American Civil War."
ancestors,"In Dreams from My Father, Obama ties his mother's family history to possible Native American ancestors and distant relatives of Jefferson Davis, President of the Confederate States of America during the American Civil War."
the Confederate States of America,"In Dreams from My Father, Obama ties his mother's family history to possible Native American ancestors and distant relatives of Jefferson Davis, President of the Confederate States of America during the American Civil War."
the American Civil War,"In Dreams from My Father, Obama ties his mother's family history to possible Native American ancestors and distant relatives of Jefferson Davis, President of the Confederate States of America during the American Civil War."
shares,"He also shares distant ancestors in common with George W. Bush and Dick Cheney, among others."
George W. Bush,"He also shares distant ancestors in common with George W. Bush and Dick Cheney, among others."
ancestors,"He also shares distant ancestors in common with George W. Bush and Dick Cheney, among others."
others,"He also shares distant ancestors in common with George W. Bush and Dick Cheney, among others."
Dick Cheney,"He also shares distant ancestors in common with George W. Bush and Dick Cheney, among others."
the 1980s,Obama lived with anthropologist Sheila Miyoshi Jager while he was a community organizer in Chicago in the 1980s.
organizer,Obama lived with anthropologist Sheila Miyoshi Jager while he was a community organizer in Chicago in the 1980s.
Chicago,Obama lived with anthropologist Sheila Miyoshi Jager while he was a community organizer in Chicago in the 1980s.
community,Obama lived with anthropologist Sheila Miyoshi Jager while he was a community organizer in Chicago in the 1980s.
anthropologist,Obama lived with anthropologist Sheila Miyoshi Jager while he was a community organizer in Chicago in the 1980s.
lived,Obama lived with anthropologist Sheila Miyoshi Jager while he was a community organizer in Chicago in the 1980s.
Jager,Obama lived with anthropologist Sheila Miyoshi Jager while he was a community organizer in Chicago in the 1980s.
Sheila Miyoshi,Obama lived with anthropologist Sheila Miyoshi Jager while he was a community organizer in Chicago in the 1980s.
turned,"He proposed to her twice, but both Jager and her parents turned him down."
proposed,"He proposed to her twice, but both Jager and her parents turned him down."
Jager,"He proposed to her twice, but both Jager and her parents turned him down."
parents,"He proposed to her twice, but both Jager and her parents turned him down."
presidency,"The relationship was not made public until May 2017, several months after his presidency had ended."
months,"The relationship was not made public until May 2017, several months after his presidency had ended."
relationship,"The relationship was not made public until May 2017, several months after his presidency had ended."
several months,"The relationship was not made public until May 2017, several months after his presidency had ended."
May 2017,"The relationship was not made public until May 2017, several months after his presidency had ended."
made,"The relationship was not made public until May 2017, several months after his presidency had ended."
ended,"The relationship was not made public until May 2017, several months after his presidency had ended."
